<?xml version="1.0" encoding="UTF-8" standalone="yes"?>
<addon id="service.bgmusic"
       name="Background Music"
       version="0.0.8"
       provider-name="Korter|Bstrdsmkr|jappish84">
  <requires>
    <import addon="xbmc.python" version="2.1.0"/>
    <import addon="script.favourites" version="6.0.3"/>
  </requires>
  <extension point="xbmc.service"
             library="service.py" start="startup">
  </extension>
  <extension point="xbmc.addon.metadata">
    <platform>all</platform>
    <summary lang="en">A small service addon which plays a playlist when kodi has been idle a set amount of time</summary>
  </extension>
</addon>
